Reivew ID,Author Name,Picture Link,Profile Link,Content,Localized Content,Rating,Review Highlights,Date,Language
9.00539E+17,Nick,https://a0.muscache.com/im/pictures/user/3212ff3c-fcba-4821-b71b-acd824a40212.jpg,https://www.airbnb.com.ua/users/show/64857043,"Clean place, very small tho. Check-in instructions unclear (it was hard to find the key) No way to call your host, unreachable by phone, had to call AirBnb support because of that",,3,Stayed a few nights,2023-05-27 15:09,EN
4.64888E+17,Tatyana,https://a0.muscache.com/im/pictures/user/f4cb1582-c7d1-498a-90cc-b433a0cd7e67.jpg,https://www.airbnb.com.ua/users/show/335510571,"Квартира хорошая, все новое, посторонних запахов нет.<br/>Было в принципе чисто. единственное, очень грязный чайник, весь в накипи, воду в нем греть невозможно. вся накипь в чашке, грели воду на плите. в пульте от телевизора нерабочие батарейки. и было бы здорово оставлять гостям одноразовые тапочки. <br/>и пружинистый очень мягкий  матрас, учитывайте, если есть проблемы со спиной.<br/>в остальном все хорошо, местоположение отлично, до центра 20 минут прогулочным шагом. полно магазинов, кафе, аптека в округе","The apartment is good, everything is new, there are no foreign smells.<br/>It was basically clean. The only, very dirty kettle, all in scale, it is impossible to heat the water in it. All the scale in the cup, heated the water on the stove. In the remote from the TV there are non-working batteries. and it would be great to leave disposable slippers for guests. <br/>and a springy very soft  mattress, keep in mind if there is problem with the back.<br/>otherwise everything is fine, the location is great, it's a 20-minute walk to the center. full of shops, cafes, pharmacy in the area",3,Stayed a few nights,2021-10-03 13:10,RU
444724306,Alisa,https://a0.muscache.com/im/users/29460329/profile_pic/1442355045/original.jpg,https://www.airbnb.com.ua/users/show/29460329,"Очень чистая, красивая и комфортная квартира, есть все необходимое.","Very clean, beautiful and comfortable apartment, there is everything you need.",3,Stayed a few nights,2019-04-28 16:51,RU
1.16434E+18,Mariia,https://a0.muscache.com/im/pictures/user/User-515624548/original/875d589a-8e8d-4ff5-8ee7-7423e575b058.jpeg,https://www.airbnb.com.ua/users/show/515624548,"З плюсів для мене, це дві теплі ковдри) З мінусів - праска, лишила слід на речі, потрібно замінити або почистити спеціальним віском!<br/>Також в помешканні бракує сухих рушників, це було б значним плюсом, так як не всі можуть витирати обличчя/руки звичайними.","Of the pros for me, these are two warm blankets) Of the cons - an iron, left it on things, you need to replace or clean with special wax!<br/>There is also a lack of dry towels in the unit, this would be a significant plus as not everyone can wipe their faces/hands with regular ones.",4,Stayed a few nights,2024-05-25 14:37,UK
1.06358E+18,Євген,https://a0.muscache.com/im/pictures/user/121e1dc6-8ba8-4b49-8bd9-d91553baf1dd.jpg,https://www.airbnb.com.ua/users/show/126557585,Чиста і свіжа квартира на 1 поверсі (ймовірно переведена з нежитлового фонду). Але для короткого перепочинку цілком підходить. Єдине питання - ціна на свята була не ринковою.,"Clean and fresh apartment on the 1st floor (probably transferred from a non-residential fund). But for a short rest, it's quite suitable. The only question is that the price of the holidays was not marketable.",4,Stayed about a week,2024-01-07 13:04,UK
1.02959E+18,Лія,https://a0.muscache.com/im/Portrait/Avatars/messaging/b3e03835-ade9-4eb7-a0bb-2466ab9a534d.jpg?im_t=Л&im_w=240&im_f=helvetica-neue-medium.ttf&im_c=ffffff,https://www.airbnb.com.ua/users/show/534980952,"Якщо ви будете проживати в цьому приміщенні, майте на увазі, що оселя досить затишна, але дуже маленька. Розміщується на першому поверсі, має тонкі стіни, через що чути кожного, хто проходить в загальному коридорі. Місць для паркування машини немає, як і майже в кожній новобудові. Поруч є Сільпо, що досить зручно.","If you will be staying in this space, keep in mind that the place is quite cozy but very small. Located on the first floor, has thin walls, through what to hear for everyone who passes in the common hallway. There is no parking space, just like almost every new building. There is Silpo nearby, which is quite convenient.",4,Stayed a few nights,2023-11-21 15:33,UK
9.92605E+17,Вікторія,https://a0.muscache.com/im/pictures/user/User/original/14f68263-a1fa-431d-891c-652d90436cbb.jpeg,https://www.airbnb.com.ua/users/show/518572470,"Загалом все добре , чисто та охайно . Дуже дякую  )","Overall everything is good , clean and tidy . Thank you very much  )",4,Stayed a few nights,2023-10-01 15:49,UK
9.90348E+17,Alexey,https://a0.muscache.com/im/pictures/user/User-173655750/original/350faeb0-481c-4d1e-bbe3-653d8a91e4ee.jpeg,https://www.airbnb.com.ua/users/show/173655750,Хорошая смарт-квартира.<br/>Добавить бы бокалов для вина и было бы вообще замечательно),Nice smart apartment.<br/>Would add wine glasses and would be generally wonderful),4,Stayed a few nights,2023-09-28 13:04,RU
8.64351E+17,Yuliana,https://a0.muscache.com/im/pictures/user/e9ca171f-c00b-4d7b-9b54-4cc1e4e06201.jpg,https://www.airbnb.com.ua/users/show/236525637,"Cozy nice apartment for a single stay, the sound insulation is a bit poor, but nevertheless it was a pleasant stay",,4,Stayed a few nights,2023-04-07 16:51,EN
5.3672E+17,Anastasia,https://a0.muscache.com/im/pictures/user/e615733b-8875-48d4-a526-6b973eb6fd04.jpg,https://www.airbnb.com.ua/users/show/260010818,"Загалом перебування в квартирі було нормальним, квартира чиста, тепла, але було кілька моментів, які трохи зіпсували враження. При вході в квартиру лежали чиїсь старі гумові тапки (напевно покоївки). На кухні в тумбочці на одній поличці лежали кухонні прибори, а нижче корзина з побутовою хімією. Фен дууже слабенький, для того, щоб висушити каре, мені знадобилось 20-25 хв. Ну і бойлер занадто маленький (про це написано в оголошенні, але все ж). 3-4 хвилини для того, щоб помитись і вимити волосся, не вистачає. Ще душова кабіна внизу протікає","Overall, the stay in the apartment was normal, the apartment was clean, warm, but there were a few moments that spoiled the experience a little. At the entrance to the apartment there were someone's old rubber slippers (probably a maid). There were kitchen appliances in the kitchen in the nightstand on one shelf and a basket of household chemicals below. The hair dryer is weak, it took me 20-25 minutes to dry the carriage. Well, the boiler is too small (it's written about it in the listing, but still). 3-4 minutes to wash and wash your hair is not enough. Another shower cubicle downstairs is leaking",4,Stayed a few nights,2022-01-10 14:46,UK
749379625,Valerie,https://a0.muscache.com/im/pictures/user/e9ddda5c-32e6-40d5-b62b-708ff73b87b0.jpg,https://www.airbnb.com.ua/users/show/257036183,"Дуже сподобалось перебування в квартирі, всі дрібниці, які можуть знадобитись, були продумані, помешкання дуже затишне і доволі стильне. Приємна комунікація з власниками. Єдине зауваження - трохи продавлений матрас. Решта - ідеально!","I really enjoyed my stay in the apartment, all the little things you might need were thoughtful, the place is very cozy and quite stylish. Pleasant communication with the owners. The only thing to note is the slightly squeezed mattress. The rest is perfect!",4,Stayed a few nights,2021-04-17 16:39,UK
723243696,Александр,https://a0.muscache.com/im/pictures/user/f527d90b-9158-41b8-ad27-b9ddb3734357.jpg,https://www.airbnb.com.ua/users/show/332362587,"Плюсы:<br/>1. Месторасположение жилья хорошее. До центра пешком 15 минут. Есть хорошая и удобная парковка. <br/>2. Рядом Сильпо, заведения, аптека и остановка общественного транспорта (автобус + трамвай).<br/>Минусы:<br/>1. В описании квартиры не указано, что она находится на 1 этаже сразу возле входной двери в подъезд.<br/>2. Большие щели во входной двери и как следствие очень хорошая слышимость всего происходящего в подъезде.<br/>3. Цена квартиры не совсем соответсвует ее размерам и классу. За такие деньги можно найти варианты больше и ближе к центру.","Pros<br/>1. The location of the place is good. The center is a 15-minute walk away. There is a good and comfortable parking. <br/>2. Near Silpo, places, pharmacy and public transport stop (bus + tram).<br/>Cons<br/>1. The description of the apartment does not indicate that it is on the 1st floor right next to the entrance door to the entrance.<br/>2. Large cracks in the front door and as a result, very good audibility of everything that is happening in the entrance.<br/>3. The price of the apartment does not quite match its size and class. For this money, you can find more options and closer to the center.",4,Stayed a few nights,2021-01-10 15:26,RU
600227240,Дарья,https://a0.muscache.com/im/Portrait/Avatars/messaging/b3e03835-ade9-4eb7-a0bb-2466ab9a534d.jpg?im_t=Д&im_w=240&im_f=helvetica-neue-medium.ttf&im_c=ffffff,https://www.airbnb.com.ua/users/show/315288770,"Уютная квартирка, хоть и маленькая. Чистота, порядок и гостеприимство гарантированы.  Рядом вкусные круассаны и место, где можно вкусно покушать (ресторан Челентано)","A cozy apartment, though small. Clean, tidy and hospitality is guaranteed.  Nearby are delicious croissants and a place where you can have a delicious meal (restaurant Celentano)",4,Stayed a few nights,2020-02-01 16:09,RU
446326959,Ivan,https://a0.muscache.com/im/pictures/user/dbe2217b-dde7-4650-83e1-5ce287b80cc9.jpg,https://www.airbnb.com.ua/users/show/92321386,"Хорошая квартира, для 2х на несколько дней в самый раз. <br/>Была небольшая проблема с бойлером, но надеюсь уже устранили, так как квартира новая.<br/>Спасибо за приём.","Nice apartment, for 2 days just fine. <br/>There was a small problem with the boiler, but I hope it has already been fixed, since the apartment is new.<br/>Thank you for your welcome.",4,Stayed a few nights,2019-05-01 15:28,RU
1.41948E+18,Valeria,https://a0.muscache.com/im/pictures/user/User/original/febae921-c5b4-453a-8578-bbef28dd5f8f.jpeg,https://www.airbnb.com.ua/users/show/694187182,"Помешкання невелике, але затишне. Хороший район, поряд є все необхідне і навіть більше) В квартирі було все для комфортного перебування. Мені все сподобалось.","The place is small but cozy. Nice neighborhood, close to everything you need and even more) The apartment had everything for a comfortable stay. I loved it.",5,Stayed a few nights,2025-05-12 15:04,UK
1.41365E+18,Iryna,https://a0.muscache.com/im/pictures/user/User-20430866/original/39ca1362-c7a9-4e22-82ec-e0619afe4d6e.jpeg,https://www.airbnb.com.ua/users/show/20430866,"Чудовий досвід! Господарі - дружелюбні, завжди на зв’язку, готові допомогти! Гарна квартира, самостійне заселення - все супер, дякуємо 😊","Great experience! Hosts are friendly, always available, ready to help! Nice apartment, self check-in - everything is super, thank you 😊",5,Stayed a few nights,2025-05-04 14:16,UK
1.40358E+18,Anastasiia,https://a0.muscache.com/im/Portrait/Avatars/messaging/b3e03835-ade9-4eb7-a0bb-2466ab9a534d.jpg?im_t=A&im_w=240&im_f=airbnb-cereal-medium.ttf&im_c=ffffff,https://www.airbnb.com.ua/users/show/567325349,"Дякую, все дуже гарно","Thank you, everything is very nice",5,Stayed about a week,2025-04-20 16:51,UK
1.39337E+18,Alina,https://a0.muscache.com/im/pictures/user/452f48e3-820f-48b5-8667-26cc6fbfdc7c.jpg,https://www.airbnb.com.ua/users/show/445464793,"Знімала приміщення не один раз, дуже сподобалось, все було чудово)))","I rented the room more than once, I really liked it, everything was great)))",5,Stayed about a week,2025-04-06 14:28,UK
1.37529E+18,Vira,https://a0.muscache.com/im/pictures/user/User/original/6bfcaec8-d99d-4ba9-b59e-f6796f961af6.jpeg,https://www.airbnb.com.ua/users/show/401178620,"Гарне помешкання,все поряд. Господарі дуже чуйні та завжди швидко відповідають якщо є питання . Квартира затишна та чиста, все є потрібне для проживання👍 Ціна також приємна . Я задоволена 👍","Nice place,everything is nearby. Hosts are very responsive and always quick to respond if you have any questions . The apartment is cozy and clean, everything you need for your stay👍 The price is also pleasant . I am satisfied 👍",5,Stayed about a week,2025-03-12 14:47,UK
1.36945E+18,Vira,https://a0.muscache.com/im/pictures/user/User/original/6bfcaec8-d99d-4ba9-b59e-f6796f961af6.jpeg,https://www.airbnb.com.ua/users/show/401178620,"Дуже зручне розташування , поряд магазини , кафе , банк та інші структури. Легко заселилися після вказівок , квартира чиста тепла та затишна .","Very convenient location , close to shops , cafes , bank and other structures. Easy to check in after instructions , the apartment is clean and cozy .",5,Stayed a few nights,2025-03-04 13:30,UK
1.36441E+18,Andrey,https://a0.muscache.com/im/pictures/user/79c0a79b-0fb3-46bf-bbd9-e022c836b7d6.jpg,https://www.airbnb.com.ua/users/show/38309283,"Супер ребята, отлично заселились, комфортно разместились) Район суперский! Спасибо огромное за помощь, адекватное отношение и теплый прием👌","Super guys, checked in perfectly, settled in comfortably) The neighborhood is super! Thanks so much for the help, appropriate attitude and warm welcome👌",5,Stayed over a week,2025-02-25 14:46,RU
1.32026E+18,Dmytro,https://a0.muscache.com/im/pictures/user/User-359187567/original/6b65e047-2286-47ce-a393-bbc3a18a40f2.jpeg,https://www.airbnb.com.ua/users/show/359187567,"We stayed here for the second time and are extremely satisfied. The host is very responsive and friendly, the apartment is spotlessly clean and wonderful. Highly recommended!",,5,Stayed a few nights,2024-12-26 16:38,EN
1.31805E+18,Alina,https://a0.muscache.com/im/pictures/user/452f48e3-820f-48b5-8667-26cc6fbfdc7c.jpg,https://www.airbnb.com.ua/users/show/445464793,"Хороша квартира як для одного чи двох людей, дуже комфортна локація, все поруч. Сподобалось те що квартира дуже чистенька, а також те що власник квартири дуже привітний та завжди був на звязку)","Nice apartment as for one or two people, very comfortable location, everything is nearby. I liked the fact that the apartment is very clean, and also that the owner of the apartment is very friendly and always in touch)",5,Stayed about a week,2024-12-23 15:25,UK
1.31223E+18,Yana,https://a0.muscache.com/im/pictures/user/5f05bcaf-3bec-42ef-be44-de8dafdf92d0.jpg,https://www.airbnb.com.ua/users/show/342894483,"Чудове помешкання чудових господарів. <br/>Дуже затишна квартира, є все необхідне, фото і опис відповідають дійсності. Зручне розташування, поруч багато магазинів, аптек, кафе, поруч зупинка громадського транспорту. <br/>Комунікація з господарями була на найвищому рівні - швидко відповідали на питання, надали всю необхідну інформацію, намагались створити максимально затишні умови перебування. <br/>Дуже задоволена, рекомендую!","Great place for great hosts. <br/>Very cozy apartment, has everything you need, photos and description are true. Convenient location, close to many shops, pharmacies, cafes, public transport stop nearby. <br/>Communication with the hosts was at the highest level - quickly answered questions, provided all the necessary information, tried to create the most cozy conditions of the stay. <br/>Very satisfied, I recommend it!",5,Stayed a few nights,2024-12-15 14:47,UK
9.00539E+17,Nick,https://a0.muscache.com/im/pictures/user/3212ff3c-fcba-4821-b71b-acd824a40212.jpg,https://www.airbnb.com.ua/users/show/64857043,"Clean place, very small tho. Check-in instructions unclear (it was hard to find the key) No way to call your host, unreachable by phone, had to call AirBnb support because of that",,3,Stayed a few nights,2023-05-27 15:09,EN
4.64888E+17,Tatyana,https://a0.muscache.com/im/pictures/user/f4cb1582-c7d1-498a-90cc-b433a0cd7e67.jpg,https://www.airbnb.com.ua/users/show/335510571,"Квартира хорошая, все новое, посторонних запахов нет.<br/>Было в принципе чисто. единственное, очень грязный чайник, весь в накипи, воду в нем греть невозможно. вся накипь в чашке, грели воду на плите. в пульте от телевизора нерабочие батарейки. и было бы здорово оставлять гостям одноразовые тапочки. <br/>и пружинистый очень мягкий  матрас, учитывайте, если есть проблемы со спиной.<br/>в остальном все хорошо, местоположение отлично, до центра 20 минут прогулочным шагом. полно магазинов, кафе, аптека в округе","The apartment is good, everything is new, there are no foreign smells.<br/>It was basically clean. The only, very dirty kettle, all in scale, it is impossible to heat the water in it. All the scale in the cup, heated the water on the stove. In the remote from the TV there are non-working batteries. and it would be great to leave disposable slippers for guests. <br/>and a springy very soft  mattress, keep in mind if there is problem with the back.<br/>otherwise everything is fine, the location is great, it's a 20-minute walk to the center. full of shops, cafes, pharmacy in the area",3,Stayed a few nights,2021-10-03 13:10,RU
444724306,Alisa,https://a0.muscache.com/im/users/29460329/profile_pic/1442355045/original.jpg,https://www.airbnb.com.ua/users/show/29460329,"Очень чистая, красивая и комфортная квартира, есть все необходимое.","Very clean, beautiful and comfortable apartment, there is everything you need.",3,Stayed a few nights,2019-04-28 16:51,RU
1.16434E+18,Mariia,https://a0.muscache.com/im/pictures/user/User-515624548/original/875d589a-8e8d-4ff5-8ee7-7423e575b058.jpeg,https://www.airbnb.com.ua/users/show/515624548,"З плюсів для мене, це дві теплі ковдри) З мінусів - праска, лишила слід на речі, потрібно замінити або почистити спеціальним віском!<br/>Також в помешканні бракує сухих рушників, це було б значним плюсом, так як не всі можуть витирати обличчя/руки звичайними.","Of the pros for me, these are two warm blankets) Of the cons - an iron, left it on things, you need to replace or clean with special wax!<br/>There is also a lack of dry towels in the unit, this would be a significant plus as not everyone can wipe their faces/hands with regular ones.",4,Stayed a few nights,2024-05-25 14:37,UK
1.06358E+18,Євген,https://a0.muscache.com/im/pictures/user/121e1dc6-8ba8-4b49-8bd9-d91553baf1dd.jpg,https://www.airbnb.com.ua/users/show/126557585,Чиста і свіжа квартира на 1 поверсі (ймовірно переведена з нежитлового фонду). Але для короткого перепочинку цілком підходить. Єдине питання - ціна на свята була не ринковою.,"Clean and fresh apartment on the 1st floor (probably transferred from a non-residential fund). But for a short rest, it's quite suitable. The only question is that the price of the holidays was not marketable.",4,Stayed about a week,2024-01-07 13:04,UK
1.02959E+18,Лія,https://a0.muscache.com/im/Portrait/Avatars/messaging/b3e03835-ade9-4eb7-a0bb-2466ab9a534d.jpg?im_t=Л&im_w=240&im_f=helvetica-neue-medium.ttf&im_c=ffffff,https://www.airbnb.com.ua/users/show/534980952,"Якщо ви будете проживати в цьому приміщенні, майте на увазі, що оселя досить затишна, але дуже маленька. Розміщується на першому поверсі, має тонкі стіни, через що чути кожного, хто проходить в загальному коридорі. Місць для паркування машини немає, як і майже в кожній новобудові. Поруч є Сільпо, що досить зручно.","If you will be staying in this space, keep in mind that the place is quite cozy but very small. Located on the first floor, has thin walls, through what to hear for everyone who passes in the common hallway. There is no parking space, just like almost every new building. There is Silpo nearby, which is quite convenient.",4,Stayed a few nights,2023-11-21 15:33,UK
Reivew ID,Author Name,Picture Link,Profile Link,Content,Localized Content,Rating,Review Highlights,Date,Language
1.41948E+18,Valeria,https://a0.muscache.com/im/pictures/user/User/original/febae921-c5b4-453a-8578-bbef28dd5f8f.jpeg,https://www.airbnb.com.ua/users/show/694187182,"Помешкання невелике, але затишне. Хороший район, поряд є все необхідне і навіть більше) В квартирі було все для комфортного перебування. Мені все сподобалось.","The place is small but cozy. Nice neighborhood, close to everything you need and even more) The apartment had everything for a comfortable stay. I loved it.",5,Stayed a few nights,2025-05-12 15:04,UK
1.41365E+18,Iryna,https://a0.muscache.com/im/pictures/user/User-20430866/original/39ca1362-c7a9-4e22-82ec-e0619afe4d6e.jpeg,https://www.airbnb.com.ua/users/show/20430866,"Чудовий досвід! Господарі - дружелюбні, завжди на зв’язку, готові допомогти! Гарна квартира, самостійне заселення - все супер, дякуємо 😊","Great experience! Hosts are friendly, always available, ready to help! Nice apartment, self check-in - everything is super, thank you 😊",5,Stayed a few nights,2025-05-04 14:16,UK
1.40358E+18,Anastasiia,https://a0.muscache.com/im/Portrait/Avatars/messaging/b3e03835-ade9-4eb7-a0bb-2466ab9a534d.jpg?im_t=A&im_w=240&im_f=airbnb-cereal-medium.ttf&im_c=ffffff,https://www.airbnb.com.ua/users/show/567325349,"Дякую, все дуже гарно","Thank you, everything is very nice",5,Stayed about a week,2025-04-20 16:51,UK
1.39337E+18,Alina,https://a0.muscache.com/im/pictures/user/452f48e3-820f-48b5-8667-26cc6fbfdc7c.jpg,https://www.airbnb.com.ua/users/show/445464793,"Знімала приміщення не один раз, дуже сподобалось, все було чудово)))","I rented the room more than once, I really liked it, everything was great)))",5,Stayed about a week,2025-04-06 14:28,UK
1.37529E+18,Vira,https://a0.muscache.com/im/pictures/user/User/original/6bfcaec8-d99d-4ba9-b59e-f6796f961af6.jpeg,https://www.airbnb.com.ua/users/show/401178620,"Гарне помешкання,все поряд. Господарі дуже чуйні та завжди швидко відповідають якщо є питання . Квартира затишна та чиста, все є потрібне для проживання👍 Ціна також приємна . Я задоволена 👍","Nice place,everything is nearby. Hosts are very responsive and always quick to respond if you have any questions . The apartment is cozy and clean, everything you need for your stay👍 The price is also pleasant . I am satisfied 👍",5,Stayed about a week,2025-03-12 14:47,UK
1.36945E+18,Vira,https://a0.muscache.com/im/pictures/user/User/original/6bfcaec8-d99d-4ba9-b59e-f6796f961af6.jpeg,https://www.airbnb.com.ua/users/show/401178620,"Дуже зручне розташування , поряд магазини , кафе , банк та інші структури. Легко заселилися після вказівок , квартира чиста тепла та затишна .","Very convenient location , close to shops , cafes , bank and other structures. Easy to check in after instructions , the apartment is clean and cozy .",5,Stayed a few nights,2025-03-04 13:30,UK
1.36441E+18,Andrey,https://a0.muscache.com/im/pictures/user/79c0a79b-0fb3-46bf-bbd9-e022c836b7d6.jpg,https://www.airbnb.com.ua/users/show/38309283,"Супер ребята, отлично заселились, комфортно разместились) Район суперский! Спасибо огромное за помощь, адекватное отношение и теплый прием👌","Super guys, checked in perfectly, settled in comfortably) The neighborhood is super! Thanks so much for the help, appropriate attitude and warm welcome👌",5,Stayed over a week,2025-02-25 14:46,RU
1.32026E+18,Dmytro,https://a0.muscache.com/im/pictures/user/User-359187567/original/6b65e047-2286-47ce-a393-bbc3a18a40f2.jpeg,https://www.airbnb.com.ua/users/show/359187567,"We stayed here for the second time and are extremely satisfied. The host is very responsive and friendly, the apartment is spotlessly clean and wonderful. Highly recommended!",,5,Stayed a few nights,2024-12-26 16:38,EN
1.31805E+18,Alina,https://a0.muscache.com/im/pictures/user/452f48e3-820f-48b5-8667-26cc6fbfdc7c.jpg,https://www.airbnb.com.ua/users/show/445464793,"Хороша квартира як для одного чи двох людей, дуже комфортна локація, все поруч. Сподобалось те що квартира дуже чистенька, а також те що власник квартири дуже привітний та завжди був на звязку)","Nice apartment as for one or two people, very comfortable location, everything is nearby. I liked the fact that the apartment is very clean, and also that the owner of the apartment is very friendly and always in touch)",5,Stayed about a week,2024-12-23 15:25,UK
1.31223E+18,Yana,https://a0.muscache.com/im/pictures/user/5f05bcaf-3bec-42ef-be44-de8dafdf92d0.jpg,https://www.airbnb.com.ua/users/show/342894483,"Чудове помешкання чудових господарів. <br/>Дуже затишна квартира, є все необхідне, фото і опис відповідають дійсності. Зручне розташування, поруч багато магазинів, аптек, кафе, поруч зупинка громадського транспорту. <br/>Комунікація з господарями була на найвищому рівні - швидко відповідали на питання, надали всю необхідну інформацію, намагались створити максимально затишні умови перебування. <br/>Дуже задоволена, рекомендую!","Great place for great hosts. <br/>Very cozy apartment, has everything you need, photos and description are true. Convenient location, close to many shops, pharmacies, cafes, public transport stop nearby. <br/>Communication with the hosts was at the highest level - quickly answered questions, provided all the necessary information, tried to create the most cozy conditions of the stay. <br/>Very satisfied, I recommend it!",5,Stayed a few nights,2024-12-15 14:47,UK
1.29273E+18,Olena,https://a0.muscache.com/im/pictures/user/9e554c13-f35c-4460-9642-c8fd1bdc3960.jpg,https://www.airbnb.com.ua/users/show/20845986,Great place to stay for long time. Convenient location.,,5,Stayed a few nights,2024-11-18 16:59,EN
1.28542E+18,Maryna,https://a0.muscache.com/im/pictures/user/User-532706222/original/1cc4f6d9-ea4e-401c-a9a7-468ae8b43e92.jpeg,https://www.airbnb.com.ua/users/show/532706222,"Дякую за перебування, все було супер )<br/>Квартира знаходиться в тихому дворику, а з іншої сторони будівлі багато магазинів і кафе, що дуже зручно","Thank you for your stay, everything was great )<br/>The apartment is in a quiet courtyard, and on the other side of the building there are many shops and cafes, which is very convenient",5,Stayed a few nights,2024-11-08 15:03,UK
1.27669E+18,Iryna,https://a0.muscache.com/im/pictures/user/User-186147775/original/44c9c9a4-2742-4f0e-99ca-1b0898c6271f.jpeg,https://www.airbnb.com.ua/users/show/186147775,"Гарна квартира, чудова комунікація. Впевнено раджу всім, хто в пошуках затишної оселі  😊","Nice apartment, great communication. I confidently advise anyone who is looking for a cozy place  😊",5,Stayed a few nights,2024-10-27 13:51,UK
1.26723E+18,Gabrielle,https://a0.muscache.com/im/pictures/user/User-70234687/original/6f887d8f-41f3-497b-897f-124ebc89c32e.jpeg,https://www.airbnb.com.ua/users/show/70234687,Thank you for a nicer stay!,,5,Stayed a few nights,2024-10-14 13:41,EN
1.26079E+18,Nadiia,https://a0.muscache.com/im/pictures/user/d9c7856f-4932-4b02-8954-49521367113e.jpg,https://www.airbnb.com.ua/users/show/52325931,"Дуже дякую, все сподобалося)","Thank you very much, I liked everything)",5,Stayed about a week,2024-10-05 16:26,UK
1.25425E+18,Nadiia,https://a0.muscache.com/im/pictures/user/d9c7856f-4932-4b02-8954-49521367113e.jpg,https://www.airbnb.com.ua/users/show/52325931,"Дуже дякую, все сподобалося, залишаюсь не в перший раз)","Thank you very much, I liked everything, I'm not staying for the first time)",5,Stayed over a week,2024-09-26 15:43,UK
1.24047E+18,Tetiana,https://a0.muscache.com/im/Portrait/Avatars/messaging/b3e03835-ade9-4eb7-a0bb-2466ab9a534d.jpg?im_t=T&im_w=240&im_f=airbnb-cereal-medium.ttf&im_c=ffffff,https://www.airbnb.com.ua/users/show/593697568,Спасибо за уютную и чистую квартиру. Приятная стоимость и хорошее расположение.,Thank you for the cozy and clean apartment. Nice value and good location.,5,Stayed over a week,2024-09-07 15:29,RU
1.22085E+18,Tristan,https://a0.muscache.com/im/pictures/user/3edc195e-cbe8-4141-bf56-1fd44891e2b6.jpg,https://www.airbnb.com.ua/users/show/427006802,Nice apartment has everything you need. There’s a supermarket nearby. Communication was well with Viktoriia.,,5,,2024-08-11 13:54,EN
1.21654E+18,Alina,https://a0.muscache.com/im/pictures/user/064e5432-0269-4e5b-b597-057fc8bdbb46.jpg,https://www.airbnb.com.ua/users/show/457542952,"Дуже приємні гостинні господарі , зручні апартаменти і район .","Very nice hospitable hosts , comfortable apartment and neighborhood .",5,Stayed a few nights,2024-08-05 15:06,UK
1.21294E+18,Tetiana,https://a0.muscache.com/im/pictures/user/1a9fa72f-cc59-4fdc-80cb-30480d263e68.jpg,https://www.airbnb.com.ua/users/show/525008606,"Очень понравилась квартира. Однозначно рекомендую. Очень уютно, по домашнему) Рядом магазины, аптеки и всё что нужно для  кратковременного проживания.","I really liked the apartment. I definitely recommend it. Very cozy, at home) Nearby there are shops, pharmacies and everything you need for a  short stay.",5,Stayed a few nights,2024-07-31 15:54,RU
1.20861E+18,Maryna,https://a0.muscache.com/im/pictures/user/4897eb99-60df-44f8-95f1-3ebdbbbe14a1.jpg,https://www.airbnb.com.ua/users/show/479885990,"Дуже затишна квартира, тихо та спокійно! <br/>Є всі зручності для комфортного проживання!","Very cozy apartment, quiet and peaceful! <br/>There are all amenities for a comfortable stay!",5,Stayed about a week,2024-07-25 16:36,UK
1.20135E+18,Alex,https://a0.muscache.com/im/pictures/user/8ecae7c5-cbd5-4c2c-abc6-5a3f340e9002.jpg,https://www.airbnb.com.ua/users/show/107295640,"Чисто, охайно, зручно, компактно!","Clean, Ohio, Mirror, Compact!",5,Stayed a few nights,2024-07-15 16:06,BG
1.19618E+18,Євген,https://a0.muscache.com/im/pictures/user/User-587057900/original/8012e158-c8ff-4a21-8615-8b2669b8001b.jpeg,https://www.airbnb.com.ua/users/show/587057900,"Все дуже сподобалось. Чисто, охайно і зі смаком. Однозначно рекомендую.","I really liked everything. Clean, tidy and tasteful. Would definitely recommend.",5,Stayed a few nights,2024-07-08 13:01,UK
1.18469E+18,Dmytro,https://a0.muscache.com/im/pictures/user/User-359187567/original/6b65e047-2286-47ce-a393-bbc3a18a40f2.jpeg,https://www.airbnb.com.ua/users/show/359187567,"The house is new, and the apartment is very clean and comfortable, exactly as described. It's in a great location with all necessary amenities nearby. I am very satisfied with my stay there.",,5,Stayed a few nights,2024-06-22 16:23,EN
1.41948E+18,Valeria,https://a0.muscache.com/im/pictures/user/User/original/febae921-c5b4-453a-8578-bbef28dd5f8f.jpeg,https://www.airbnb.com.ua/users/show/694187182,"Помешкання невелике, але затишне. Хороший район, поряд є все необхідне і навіть більше) В квартирі було все для комфортного перебування. Мені все сподобалось.","The place is small but cozy. Nice neighborhood, close to everything you need and even more) The apartment had everything for a comfortable stay. I loved it.",5,Stayed a few nights,2025-05-12 15:04,UK
1.41365E+18,Iryna,https://a0.muscache.com/im/pictures/user/User-20430866/original/39ca1362-c7a9-4e22-82ec-e0619afe4d6e.jpeg,https://www.airbnb.com.ua/users/show/20430866,"Чудовий досвід! Господарі - дружелюбні, завжди на зв’язку, готові допомогти! Гарна квартира, самостійне заселення - все супер, дякуємо 😊","Great experience! Hosts are friendly, always available, ready to help! Nice apartment, self check-in - everything is super, thank you 😊",5,Stayed a few nights,2025-05-04 14:16,UK
1.40358E+18,Anastasiia,https://a0.muscache.com/im/Portrait/Avatars/messaging/b3e03835-ade9-4eb7-a0bb-2466ab9a534d.jpg?im_t=A&im_w=240&im_f=airbnb-cereal-medium.ttf&im_c=ffffff,https://www.airbnb.com.ua/users/show/567325349,"Дякую, все дуже гарно","Thank you, everything is very nice",5,Stayed about a week,2025-04-20 16:51,UK
1.39337E+18,Alina,https://a0.muscache.com/im/pictures/user/452f48e3-820f-48b5-8667-26cc6fbfdc7c.jpg,https://www.airbnb.com.ua/users/show/445464793,"Знімала приміщення не один раз, дуже сподобалось, все було чудово)))","I rented the room more than once, I really liked it, everything was great)))",5,Stayed about a week,2025-04-06 14:28,UK
1.37529E+18,Vira,https://a0.muscache.com/im/pictures/user/User/original/6bfcaec8-d99d-4ba9-b59e-f6796f961af6.jpeg,https://www.airbnb.com.ua/users/show/401178620,"Гарне помешкання,все поряд. Господарі дуже чуйні та завжди швидко відповідають якщо є питання . Квартира затишна та чиста, все є потрібне для проживання👍 Ціна також приємна . Я задоволена 👍","Nice place,everything is nearby. Hosts are very responsive and always quick to respond if you have any questions . The apartment is cozy and clean, everything you need for your stay👍 The price is also pleasant . I am satisfied 👍",5,Stayed about a week,2025-03-12 14:47,UK
1.36945E+18,Vira,https://a0.muscache.com/im/pictures/user/User/original/6bfcaec8-d99d-4ba9-b59e-f6796f961af6.jpeg,https://www.airbnb.com.ua/users/show/401178620,"Дуже зручне розташування , поряд магазини , кафе , банк та інші структури. Легко заселилися після вказівок , квартира чиста тепла та затишна .","Very convenient location , close to shops , cafes , bank and other structures. Easy to check in after instructions , the apartment is clean and cozy .",5,Stayed a few nights,2025-03-04 13:30,UK
